{"stats":{"minecraft:picked_up":{"minecraft:oak_log":1,"minecraft:dirt":2},"minecraft:mined":{"minecraft:grass":2,"minecraft:grass_block":2,"minecraft:oak_log":1},"minecraft:custom":{"minecraft:jump":29,"minecraft:time_since_rest":1187,"minecraft:leave_game":1,"minecraft:sprint_one_cm":2579,"minecraft:play_time":1187,"minecraft:time_since_death":1187,"minecraft:walk_one_cm":1556,"minecraft:sneak_time":2,"minecraft:total_world_time":1187,"minecraft:fly_one_cm":17405},"minecraft:used":{"minecraft:dirt":2}},"DataVersion":3465}